category,service,meta_services,meta_description,icon_class,image_path1,image_path2,image_path3,image_path4,service_alt
Asphalt Paving,Installation,"Professional asphalt paving services for driveways, roads, and parking lots. Durable and smooth surfaces guaranteed.","Professional asphalt paving installation services ensuring durable and smooth surfaces for driveways, roads, and parking lots, enhancing both functionality and appearance.",fa fa-seal,assets/imgs/service/asphalt_paving/installation_1.webp,assets/imgs/service/asphalt_paving/installation_2.webp,assets/imgs/service/asphalt_paving/installation_3.webp,assets/imgs/service/asphalt_paving/installation_4.webp,Asphalt Paving InstallationMac Paving NJ
Asphalt Paving,Resurfacing,"Professional asphalt paving installation services for driveways, roads, parking lots, and pathways. Ensuring durability and a smooth finish.","Quality asphalt resurfacing services to restore and extend the life of your asphalt surfaces, providing a cost-effective solution to maintain your property's aesthetic and structural integrity.",fa fa-wrench,assets/imgs/service/asphalt_paving/resurfacing_1.webp,assets/imgs/service/asphalt_paving/resurfacing_2.webp,assets/imgs/service/asphalt_paving/resurfacing_3.webp,assets/imgs/service/asphalt_paving/resurfacing_4.webp,Asphalt Paving Resurfacing Mac Paving and Sealcoating NJ
Asphalt Paving,Replacement,"Professional asphalt paving installation services for driveways, roads, parking lots, and pathways. Ensuring durability and a smooth finish.","Comprehensive asphalt paving replacement services to renew your worn-out surfaces with high-quality materials, ensuring a fresh, durable, and visually appealing result.",fa fa-tools,assets/imgs/service/asphalt_paving/replacement_1.webp,assets/imgs/service/asphalt_paving/replacement_2.webp,assets/imgs/service/asphalt_paving/replacement_3.webp,assets/imgs/service/asphalt_paving/replacement_4.webp,Asphalt Paving Replacement Mac Paving and Sealcoating NJ
Asphalt Paving,Extension,"Professional asphalt paving installation services for driveways, roads, parking lots, and pathways. Ensuring durability and a smooth finish.","Efficient asphalt paving extension services to expand existing paved areas, offering more space and functionality while maintaining a seamless integration with current surfaces.",fa fa-road,assets/imgs/service/asphalt_paving/extension_1.webp,assets/imgs/service/asphalt_paving/extension_2.webp,assets/imgs/service/asphalt_paving/extension_3.webp,assets/imgs/service/asphalt_paving/extension_4.webp,Asphalt Paving Extension Mac Paving and Sealcoating NJ
Sealer,Sealcoating,High-quality asphalt sealing services to protect and extend the life of your paved surfaces.,"High-quality seal coating services to protect and enhance your asphalt surfaces, extending their lifespan and maintaining their appearance against weather damage and wear.",fa fa-hammer,assets/imgs/service/sealer/sealcoating_1.webp,assets/imgs/service/sealer/sealcoating_2.webp,assets/imgs/service/sealer/sealcoating_3.webp,assets/imgs/service/sealer/sealcoating_4.webp,Seal Coating Mac Paving and Sealcoating NJ
Sealer,Asphalt Maintenance,High-quality asphalt sealing services to protect and extend the life of your paved surfaces.,Comprehensive asphalt maintenance services including repairs and regular upkeep to prolong the life and performance of your asphalt surfaces.,fa fa-road,assets/imgs/service/sealer/asphalt_maintenance_1.webp,assets/imgs/service/sealer/asphalt_maintenance_2.webp,assets/imgs/service/sealer/asphalt_maintenance_3.webp,assets/imgs/service/sealer/asphalt_maintenance_4.webp,Asphalt Maintenance Mac Paving and Sealcoating NJ
Sealer,Crack Filling,High-quality asphalt sealing services to protect and extend the life of your paved surfaces.,"Effective crack filling services to prevent water infiltration and further damage, maintaining the integrity and longevity of your asphalt surfaces.",fa fa-wrench,assets/imgs/service/sealer/crack_filling_1.webp,assets/imgs/service/sealer/crack_filling_2.webp,assets/imgs/service/sealer/crack_filling_3.webp,assets/imgs/service/sealer/crack_filling_4.webp,Crack Filling Mac Paving and Sealcoating NJ
Sealer,Line Striping,High-quality asphalt sealing services to protect and extend the life of your paved surfaces.,"Professional line striping services to ensure clear, durable markings for parking lots, roads, and other asphalt surfaces, enhancing safety and organization.",fa fa-paint-roller,assets/imgs/service/sealer/line_striping_1.webp,assets/imgs/service/sealer/line_striping_2.webp,assets/imgs/service/sealer/line_striping_3.webp,assets/imgs/service/sealer/line_striping_4.webp,Line Striping Mac Paving and Sealcoating NJ
Pavers,Pavers Installation,"Expert Pavers services for construction and repair of brick, stone, and concrete structures.","Expert paver installation services to create beautiful, durable, and functional outdoor spaces, from driveways to patios and walkways.",fa fa-bricks,assets/imgs/service/Pavers/pavers_installation_1.webp,assets/imgs/service/Pavers/pavers_installation_2.webp,assets/imgs/service/Pavers/pavers_installation_3.webp,assets/imgs/service/Pavers/pavers_installation_4.webp,Pavers Installation Mac Paving and Sealcoating NJ
Pavers,Paver Maintenance,"Expert Pavers services for construction and repair of brick, stone, and concrete structures.",Comprehensive paver maintenance services to keep your outdoor spaces looking their best and functioning properly.,fa fa-tools,assets/imgs/service/Pavers/paver_maintenance_1.webp,assets/imgs/service/Pavers/paver_maintenance_2.webp,assets/imgs/service/Pavers/paver_maintenance_3.webp,assets/imgs/service/Pavers/paver_maintenance_4.webp,Pavers Maintenance Mac Paving and Sealcoating NJ
Pavers,Retaining Walls,"Expert Pavers services for construction and repair of brick, stone, and concrete structures.",Professional retaining wall construction services to provide structural support and enhance the landscape of your property.,fa fa-cubes,assets/imgs/service/Pavers/retaining_walls_1.webp,assets/imgs/service/Pavers/retaining_walls_2.webp,assets/imgs/service/Pavers/retaining_walls_3.webp,assets/imgs/service/Pavers/retaining_walls_4.webp,Retaining Walls Mac Paving and Sealcoating NJ
Pavers,Belgium blocks,"Expert Pavers services for construction and repair of brick, stone, and concrete structures.",Quality Belgium block installation services to add a touch of elegance and durability to your landscaping projects.,fa fa-archway,assets/imgs/service/Pavers/belgium_blocks_1.webp,assets/imgs/service/Pavers/belgium_blocks_2.webp,assets/imgs/service/Pavers/belgium_blocks_3.webp,assets/imgs/service/Pavers/belgium_blocks_4.webp,Belgium Blocks Mac Paving and Sealcoating NJ
Concrete,Walkways,"Professional concrete services for driveways, sidewalks, and patios. Strong and durable finishes.","Expert walkway installation services to create safe, attractive, and durable paths in your outdoor spaces.",fa fa-seedling,assets/imgs/service/concrete/walkways_1.webp,assets/imgs/service/concrete/walkways_2.webp,assets/imgs/service/concrete/walkways_3.webp,assets/imgs/service/concrete/walkways_4.webp,Walkways Mac Mac Paving and Sealcoating NJ
Concrete,Sidewalks,"Professional concrete services for driveways, sidewalks, and patios. Strong and durable finishes.","High-quality sidewalk installation services to ensure safe and durable pedestrian pathways, enhancing the accessibility and appearance of your property.",fa fa-tree,assets/imgs/service/concrete/sidewalks_1.webp,assets/imgs/service/concrete/sidewalks_2.webp,assets/imgs/service/concrete/sidewalks_3.webp,assets/imgs/service/concrete/sidewalks_4.webp,Sidewalks Mac Paving and Sealcoating NJ
Concrete,Curbs,"Professional concrete services for driveways, sidewalks, and patios. Strong and durable finishes.","Professional curb installation services to create a defined edge for roads and parking lots, improving the overall appearance and functionality.",fa fa-water,assets/imgs/service/concrete/curbs_1.webp,assets/imgs/service/concrete/curbs_2.webp,assets/imgs/service/concrete/curbs_3.webp,assets/imgs/service/concrete/curbs_4.webp,Curbs Mac Paving and Sealcoating NJ
Concrete,Aprons,"Professional concrete services for driveways, sidewalks, and patios. Strong and durable finishes.","Durable apron installation services to provide a smooth transition between your driveway and the road, ensuring easy access and a neat appearance.",fa fa-gutter,assets/imgs/service/concrete/aprons_1.webp,assets/imgs/service/concrete/aprons_2.webp,assets/imgs/service/concrete/aprons_3.webp,assets/imgs/service/concrete/aprons_4.webp,Aprons Mac Paving and Sealcoating NJ
Landscaping,Sod Installation,Comprehensive landscaping services to enhance and maintain your outdoor spaces.,"High-quality sod installation services to create lush, green lawns quickly and efficiently, enhancing the beauty of your outdoor spaces.",fa fa-leaf,assets/imgs/service/landscaping/sod_installation_1.webp,assets/imgs/service/landscaping/sod_installation_2.webp,assets/imgs/service/landscaping/sod_installation_3.webp,assets/imgs/service/landscaping/sod_installation_4.webp,Sod Installation Mac Paving and Sealcoating NJ
Landscaping,Top Soil,Comprehensive landscaping services to enhance and maintain your outdoor spaces.,High-quality topsoil delivery and spreading services to enrich your garden and landscaping projects.,fa fa-leaf,assets/imgs/service/landscaping/top_soil_1.webp,assets/imgs/service/landscaping/top_soil_2.webp,assets/imgs/service/landscaping/top_soil_3.webp,assets/imgs/service/landscaping/top_soil_4.webp,Top Soil Mac Paving and Sealcoating NJ
Landscaping,Seed Grass,Comprehensive landscaping services to enhance and maintain your outdoor spaces.,"Expert grass seeding services to establish a healthy, green lawn from scratch, ensuring proper growth and coverage.",fa fa-shovel,assets/imgs/service/landscaping/seed_grass_1.webp,assets/imgs/service/landscaping/seed_grass_2.webp,assets/imgs/service/landscaping/seed_grass_3.webp,assets/imgs/service/landscaping/seed_grass_4.webp,Seed Grass Mac Paving and Sealcoating NJ
Landscaping,Drainage,Comprehensive landscaping services to enhance and maintain your outdoor spaces.,"Professional drainage solutions to manage water runoff and prevent water damage, maintaining the health and stability of your property.",fa fa-tint-slash,assets/imgs/service/landscaping/gutters_1.webp,assets/imgs/service/landscaping/gutters_2.webp,assets/imgs/service/landscaping/gutters_3.webp,assets/imgs/service/landscaping/gutters_4.webp,Gutters Mac Paving and Sealcoating NJ
Landscaping,Gutters,Comprehensive landscaping services to enhance and maintain your outdoor spaces.,Professional gutter installation and maintenance services to protect your property from water damage and improve drainage.,fa fa-tint,assets/imgs/service/landscaping/drainage_1.webp,assets/imgs/service/landscaping/drainage_2.webp,assets/imgs/service/landscaping/drainage_3.webp,assets/imgs/service/landscaping/drainage_4.webp,Drainage Mac Paving and Sealcoating NJ
Landscaping,Power Wash,Comprehensive landscaping services to enhance and maintain your outdoor spaces.,"High-quality power washing services to clean and restore the appearance of your exterior surfaces, removing dirt, grime, and stains.",fa fa-bell,assets/imgs/service/landscaping/power_wash_1.webp,assets/imgs/service/landscaping/power_wash_2.webp,assets/imgs/service/landscaping/power_wash_3.webp,assets/imgs/service/landscaping/power_wash_4.webp,Power Washing Mac Paving and Sealcoating NJ
Landscaping,Hauling,Comprehensive landscaping services to enhance and maintain your outdoor spaces.,"Efficient hauling services to remove debris and unwanted materials from your property, ensuring a clean and tidy environment.",fa fa-truck,assets/imgs/service/landscaping/hauling_1.webp,assets/imgs/service/landscaping/hauling_2.webp,assets/imgs/service/landscaping/hauling_3.webp,assets/imgs/service/landscaping/hauling_4.webp,Hauling Mac Paving and Sealcoating NJ
Landscaping,Winter Services,Comprehensive landscaping services to enhance and maintain your outdoor spaces.,Reliable winter services including snow removal and ice management to keep your property safe and accessible during the winter months.,fa fa-snowflake,assets/imgs/service/landscaping/winter_services_1.webp,assets/imgs/service/landscaping/winter_services_2.webp,assets/imgs/service/landscaping/winter_services_3.webp,assets/imgs/service/landscaping/winter_services_4.webp,Winter Services Mac Paving and Sealcoating NJ